{"cameraMode":{"drawMode":2,"name":"Shaded Wireframe","section":"Shading Mode"},"sceneLighting":false,"audioPlay":false,"sceneViewState":{"showFog":true,"showMaterialUpdate":false,"showSkybox":false,"showFlares":true,"showImageEffects":true,"showParticleSystems":true},"in2DMode":false,"pivot":{"x":-58.560001373291019,"y":1.938499927520752,"z":3.132999897003174},"rotation":{"x":-0.2687830328941345,"y":-0.213902547955513,"z":0.061348773539066318,"w":-0.9371519088745117},"size":6.23149299621582,"orthographic":false}